{"payload":{"local_timestamp":1691855986454,"output":"\u001b[1;38;5;39mCOMET INFO:\u001b[0m Experiment is live on comet.com https://www.comet.com/yacinebelhadj/psm-mdof1/1c321473c50a49a883252a517e1aff65\n\n","stderr":true},"type":"standard_output"}
{"payload":{"key":"Created from","value":"pytorch-lightning"},"type":"log_other"}
{"payload":{"additional_params":{"assetId":"87fca926c0c84abeb29fbdb1548b0cb1","context":null,"extension":"ckpt","fileName":"best-epoch=08-val_loss=3.78.ckpt","groupingName":"best_model","overwrite":false,"runId":"xuBVF9x8sfKvK6BnF00ktNKM6","step":null,"type":"model-element"},"clean":true,"file_path":"tmp79pchd2o","local_timestamp":1691855986461,"metadata":{},"upload_type":"model-element"},"type":"file_upload"}
{"payload":{"local_timestamp":1691855986461,"param":{"paramName":"curr_step","paramValue":5000,"source":"auto-logged","step":5000}},"type":"parameter_msg"}
{"payload":{"additional_params":{"assetId":"734448d39fc248c2a7e190c224db9fd6","context":null,"extension":"ckpt","fileName":"best-epoch=08-val_loss=3.78.ckpt","overwrite":false,"runId":"xuBVF9x8sfKvK6BnF00ktNKM6","step":5000},"clean":true,"file_path":"tmpl7b9itcg","local_timestamp":1691855986466,"metadata":{},"upload_type":"asset"},"type":"file_upload"}
{"payload":{"local_timestamp":1691855986982,"output":"GPU available: False, used: False\n","stderr":true},"type":"standard_output"}
{"payload":{"local_timestamp":1691855986983,"output":"TPU available: False, using: 0 TPU cores\n","stderr":true},"type":"standard_output"}
{"payload":{"local_timestamp":1691855986984,"output":"IPU available: False, using: 0 IPUs\n","stderr":true},"type":"standard_output"}
{"payload":{"local_timestamp":1691855986985,"output":"HPU available: False, using: 0 HPUs\n","stderr":true},"type":"standard_output"}
{"payload":{"local_timestamp":1691855986986,"output":"/home/yacine/miniconda3/envs/psm/lib/python3.11/site-packages/pytorch_lightning/trainer/connectors/logger_connector/logger_connector.py:67: UserWarning: Starting from v1.9.0, `tensorboardX` has been removed as a dependency of the `pytorch_lightning` package, due to potential conflicts with other packages in the ML ecosystem. For this reason, `logger=True` will use `CSVLogger` as the default logger, unless the `tensorboard` or `tensorboardX` packages are found. Please `pip install lightning[extra]` or one of them to enable TensorBoard support by default\n  warning_cache.warn(\n","stderr":true},"type":"standard_output"}
{"payload":{"local_timestamp":1691941730838,"output":"[rank: 0] Received SIGTERM: 15\n","stderr":true},"type":"standard_output"}
{"payload":{"local_timestamp":1691941732075,"output":"--- Logging error ---\n","stderr":true},"type":"standard_output"}
{"payload":{"local_timestamp":1691941732085,"output":"Traceback (most recent call last):\n","stderr":true},"type":"standard_output"}
{"payload":{"local_timestamp":1691941732085,"output":"  File \"/home/yacine/miniconda3/envs/psm/lib/python3.11/logging/__init__.py\", line 1113, in emit\n    stream.write(msg + self.terminator)\n","stderr":true},"type":"standard_output"}
{"payload":{"local_timestamp":1691941732085,"output":"  File \"/home/yacine/miniconda3/envs/psm/lib/python3.11/site-packages/comet_ml/console.py\", line 90, in write\n    self.__wrapped__.write(line)\n","stderr":true},"type":"standard_output"}
{"payload":{"local_timestamp":1691941732085,"output":"  File \"/home/yacine/miniconda3/envs/psm/lib/python3.11/site-packages/ipykernel/iostream.py\", line 648, in write\n    self._schedule_flush()\n","stderr":true},"type":"standard_output"}
{"payload":{"local_timestamp":1691941732085,"output":"  File \"/home/yacine/miniconda3/envs/psm/lib/python3.11/site-packages/ipykernel/iostream.py\", line 545, in _schedule_flush\n    self.pub_thread.schedule(_schedule_in_thread)\n","stderr":true},"type":"standard_output"}
{"payload":{"local_timestamp":1691941732085,"output":"  File \"/home/yacine/miniconda3/envs/psm/lib/python3.11/site-packages/ipykernel/iostream.py\", line 251, in schedule\n    self._event_pipe.send(b\"\")\n","stderr":true},"type":"standard_output"}
{"payload":{"local_timestamp":1691941732085,"output":"  File \"/home/yacine/miniconda3/envs/psm/lib/python3.11/site-packages/zmq/sugar/socket.py\", line 696, in send\n    return super().send(data, flags=flags, copy=copy, track=track)\n           ^^^^^^^^^^^^^^^^^^^^^^^^^^^^^^^^^^^^^^^^^^^^^^^^^^^^^^^\n","stderr":true},"type":"standard_output"}
{"payload":{"local_timestamp":1691941732085,"output":"  File \"zmq/backend/cython/socket.pyx\", line 742, in zmq.backend.cython.socket.Socket.send\n","stderr":true},"type":"standard_output"}
{"payload":{"local_timestamp":1691941732085,"output":"  File \"zmq/backend/cython/socket.pyx\", line 783, in zmq.backend.cython.socket.Socket.send\n","stderr":true},"type":"standard_output"}
{"payload":{"local_timestamp":1691941732085,"output":"  File \"zmq/backend/cython/socket.pyx\", line 138, in zmq.backend.cython.socket._check_closed\n","stderr":true},"type":"standard_output"}
{"payload":{"local_timestamp":1691941732086,"output":"zmq.error.ZMQError: Socket operation on non-socket\n","stderr":true},"type":"standard_output"}
{"payload":{"local_timestamp":1691941732086,"output":"Call stack:\n","stderr":true},"type":"standard_output"}
{"payload":{"local_timestamp":1691941732087,"output":"  File \"/home/yacine/miniconda3/envs/psm/lib/python3.11/site-packages/comet_ml/_online.py\", line 654, in _on_end\n    successful_clean = super(Experiment, self)._on_end(wait=wait)\n","stderr":true},"type":"standard_output"}
{"payload":{"local_timestamp":1691941732087,"output":"  File \"/home/yacine/miniconda3/envs/psm/lib/python3.11/site-packages/comet_ml/experiment.py\", line 897, in _on_end\n    self._report_summary()\n","stderr":true},"type":"standard_output"}
{"payload":{"local_timestamp":1691941732087,"output":"  File \"/home/yacine/miniconda3/envs/psm/lib/python3.11/site-packages/comet_ml/experiment.py\", line 773, in _report_summary\n    summary = self._summary.generate_summary(self.display_summary_level)\n","stderr":true},"type":"standard_output"}
{"payload":{"local_timestamp":1691941732087,"output":"  File \"/home/yacine/miniconda3/envs/psm/lib/python3.11/site-packages/comet_ml/summary.py\", line 155, in generate_summary\n    LOGGER.info(\"-\" * self._dashes_after_comet_prefix)\n","stderr":true},"type":"standard_output"}
{"payload":{"local_timestamp":1691941732087,"output":"Message: '---------------------------------------------------------------------------------------'\nArguments: ()\n","stderr":true},"type":"standard_output"}
{"payload":{"local_timestamp":1691941732087,"output":"\u001b[1;38;5;39mCOMET INFO:\u001b[0m Comet.ml ExistingExperiment Summary\n","stderr":true},"type":"standard_output"}
{"payload":{"local_timestamp":1691941732087,"output":"--- Logging error ---\n","stderr":true},"type":"standard_output"}
{"payload":{"local_timestamp":1691941732088,"output":"Traceback (most recent call last):\n","stderr":true},"type":"standard_output"}
{"payload":{"local_timestamp":1691941732088,"output":"  File \"/home/yacine/miniconda3/envs/psm/lib/python3.11/logging/__init__.py\", line 1114, in emit\n    self.flush()\n","stderr":true},"type":"standard_output"}
{"payload":{"local_timestamp":1691941732088,"output":"  File \"/home/yacine/miniconda3/envs/psm/lib/python3.11/logging/__init__.py\", line 1094, in flush\n    self.stream.flush()\n","stderr":true},"type":"standard_output"}
{"payload":{"local_timestamp":1691941732088,"output":"  File \"/home/yacine/miniconda3/envs/psm/lib/python3.11/site-packages/ipykernel/iostream.py\", line 559, in flush\n    self.pub_thread.schedule(self._flush)\n","stderr":true},"type":"standard_output"}
{"payload":{"local_timestamp":1691941732088,"output":"  File \"/home/yacine/miniconda3/envs/psm/lib/python3.11/site-packages/ipykernel/iostream.py\", line 251, in schedule\n    self._event_pipe.send(b\"\")\n","stderr":true},"type":"standard_output"}
{"payload":{"local_timestamp":1691941732088,"output":"  File \"/home/yacine/miniconda3/envs/psm/lib/python3.11/site-packages/zmq/sugar/socket.py\", line 696, in send\n    return super().send(data, flags=flags, copy=copy, track=track)\n           ^^^^^^^^^^^^^^^^^^^^^^^^^^^^^^^^^^^^^^^^^^^^^^^^^^^^^^^\n","stderr":true},"type":"standard_output"}
{"payload":{"local_timestamp":1691941732088,"output":"  File \"zmq/backend/cython/socket.pyx\", line 742, in zmq.backend.cython.socket.Socket.send\n","stderr":true},"type":"standard_output"}
{"payload":{"local_timestamp":1691941732088,"output":"  File \"zmq/backend/cython/socket.pyx\", line 783, in zmq.backend.cython.socket.Socket.send\n","stderr":true},"type":"standard_output"}
{"payload":{"local_timestamp":1691941732088,"output":"  File \"zmq/backend/cython/socket.pyx\", line 138, in zmq.backend.cython.socket._check_closed\n","stderr":true},"type":"standard_output"}
{"payload":{"local_timestamp":1691941732088,"output":"zmq.error.ZMQError: Socket operation on non-socket\n","stderr":true},"type":"standard_output"}
{"payload":{"local_timestamp":1691941732088,"output":"Call stack:\n","stderr":true},"type":"standard_output"}
{"payload":{"local_timestamp":1691941732089,"output":"  File \"/home/yacine/miniconda3/envs/psm/lib/python3.11/site-packages/comet_ml/_online.py\", line 654, in _on_end\n    successful_clean = super(Experiment, self)._on_end(wait=wait)\n","stderr":true},"type":"standard_output"}
{"payload":{"local_timestamp":1691941732089,"output":"  File \"/home/yacine/miniconda3/envs/psm/lib/python3.11/site-packages/comet_ml/experiment.py\", line 897, in _on_end\n    self._report_summary()\n","stderr":true},"type":"standard_output"}
{"payload":{"local_timestamp":1691941732089,"output":"  File \"/home/yacine/miniconda3/envs/psm/lib/python3.11/site-packages/comet_ml/experiment.py\", line 773, in _report_summary\n    summary = self._summary.generate_summary(self.display_summary_level)\n","stderr":true},"type":"standard_output"}
{"payload":{"local_timestamp":1691941732089,"output":"  File \"/home/yacine/miniconda3/envs/psm/lib/python3.11/site-packages/comet_ml/summary.py\", line 156, in generate_summary\n    LOGGER.info(title)\n","stderr":true},"type":"standard_output"}
{"payload":{"local_timestamp":1691941732089,"output":"Message: 'Comet.ml ExistingExperiment Summary'\nArguments: ()\n","stderr":true},"type":"standard_output"}
{"payload":{"local_timestamp":1691941732089,"output":"\u001b[1;38;5;39mCOMET INFO:\u001b[0m ---------------------------------------------------------------------------------------\n","stderr":true},"type":"standard_output"}
{"payload":{"local_timestamp":1691941732089,"output":"--- Logging error ---\n","stderr":true},"type":"standard_output"}
{"payload":{"local_timestamp":1691941732089,"output":"Traceback (most recent call last):\n","stderr":true},"type":"standard_output"}
{"payload":{"local_timestamp":1691941732090,"output":"  File \"/home/yacine/miniconda3/envs/psm/lib/python3.11/logging/__init__.py\", line 1114, in emit\n    self.flush()\n","stderr":true},"type":"standard_output"}
{"payload":{"local_timestamp":1691941732090,"output":"  File \"/home/yacine/miniconda3/envs/psm/lib/python3.11/logging/__init__.py\", line 1094, in flush\n    self.stream.flush()\n","stderr":true},"type":"standard_output"}
{"payload":{"local_timestamp":1691941732090,"output":"  File \"/home/yacine/miniconda3/envs/psm/lib/python3.11/site-packages/ipykernel/iostream.py\", line 559, in flush\n    self.pub_thread.schedule(self._flush)\n","stderr":true},"type":"standard_output"}
{"payload":{"local_timestamp":1691941732090,"output":"  File \"/home/yacine/miniconda3/envs/psm/lib/python3.11/site-packages/ipykernel/iostream.py\", line 251, in schedule\n    self._event_pipe.send(b\"\")\n","stderr":true},"type":"standard_output"}
{"payload":{"local_timestamp":1691941732090,"output":"  File \"/home/yacine/miniconda3/envs/psm/lib/python3.11/site-packages/zmq/sugar/socket.py\", line 696, in send\n    return super().send(data, flags=flags, copy=copy, track=track)\n           ^^^^^^^^^^^^^^^^^^^^^^^^^^^^^^^^^^^^^^^^^^^^^^^^^^^^^^^\n","stderr":true},"type":"standard_output"}
{"payload":{"local_timestamp":1691941732090,"output":"  File \"zmq/backend/cython/socket.pyx\", line 742, in zmq.backend.cython.socket.Socket.send\n","stderr":true},"type":"standard_output"}
{"payload":{"local_timestamp":1691941732090,"output":"  File \"zmq/backend/cython/socket.pyx\", line 783, in zmq.backend.cython.socket.Socket.send\n","stderr":true},"type":"standard_output"}
{"payload":{"local_timestamp":1691941732090,"output":"  File \"zmq/backend/cython/socket.pyx\", line 138, in zmq.backend.cython.socket._check_closed\n","stderr":true},"type":"standard_output"}
{"payload":{"local_timestamp":1691941732090,"output":"zmq.error.ZMQError: Socket operation on non-socket\n","stderr":true},"type":"standard_output"}
{"payload":{"local_timestamp":1691941732090,"output":"Call stack:\n","stderr":true},"type":"standard_output"}
{"payload":{"local_timestamp":1691941732090,"output":"  File \"/home/yacine/miniconda3/envs/psm/lib/python3.11/site-packages/comet_ml/_online.py\", line 654, in _on_end\n    successful_clean = super(Experiment, self)._on_end(wait=wait)\n","stderr":true},"type":"standard_output"}
{"payload":{"local_timestamp":1691941732090,"output":"  File \"/home/yacine/miniconda3/envs/psm/lib/python3.11/site-packages/comet_ml/experiment.py\", line 897, in _on_end\n    self._report_summary()\n","stderr":true},"type":"standard_output"}
{"payload":{"local_timestamp":1691941732090,"output":"  File \"/home/yacine/miniconda3/envs/psm/lib/python3.11/site-packages/comet_ml/experiment.py\", line 773, in _report_summary\n    summary = self._summary.generate_summary(self.display_summary_level)\n","stderr":true},"type":"standard_output"}
{"payload":{"local_timestamp":1691941732090,"output":"  File \"/home/yacine/miniconda3/envs/psm/lib/python3.11/site-packages/comet_ml/summary.py\", line 157, in generate_summary\n    LOGGER.info(\"-\" * self._dashes_after_comet_prefix)\n","stderr":true},"type":"standard_output"}
{"payload":{"local_timestamp":1691941732090,"output":"Message: '---------------------------------------------------------------------------------------'\nArguments: ()\n","stderr":true},"type":"standard_output"}
{"payload":{"local_timestamp":1691941732090,"output":"\u001b[1;38;5;39mCOMET INFO:\u001b[0m   Data:\n","stderr":true},"type":"standard_output"}
{"payload":{"local_timestamp":1691941732090,"output":"--- Logging error ---\n","stderr":true},"type":"standard_output"}
{"payload":{"local_timestamp":1691941732091,"output":"Traceback (most recent call last):\n","stderr":true},"type":"standard_output"}
{"payload":{"local_timestamp":1691941732091,"output":"  File \"/home/yacine/miniconda3/envs/psm/lib/python3.11/logging/__init__.py\", line 1114, in emit\n    self.flush()\n","stderr":true},"type":"standard_output"}
{"payload":{"local_timestamp":1691941732091,"output":"  File \"/home/yacine/miniconda3/envs/psm/lib/python3.11/logging/__init__.py\", line 1094, in flush\n    self.stream.flush()\n","stderr":true},"type":"standard_output"}
{"payload":{"local_timestamp":1691941732091,"output":"  File \"/home/yacine/miniconda3/envs/psm/lib/python3.11/site-packages/ipykernel/iostream.py\", line 559, in flush\n    self.pub_thread.schedule(self._flush)\n","stderr":true},"type":"standard_output"}
{"payload":{"local_timestamp":1691941732091,"output":"  File \"/home/yacine/miniconda3/envs/psm/lib/python3.11/site-packages/ipykernel/iostream.py\", line 251, in schedule\n    self._event_pipe.send(b\"\")\n","stderr":true},"type":"standard_output"}
{"payload":{"local_timestamp":1691941732091,"output":"  File \"/home/yacine/miniconda3/envs/psm/lib/python3.11/site-packages/zmq/sugar/socket.py\", line 696, in send\n    return super().send(data, flags=flags, copy=copy, track=track)\n           ^^^^^^^^^^^^^^^^^^^^^^^^^^^^^^^^^^^^^^^^^^^^^^^^^^^^^^^\n","stderr":true},"type":"standard_output"}
{"payload":{"local_timestamp":1691941732091,"output":"  File \"zmq/backend/cython/socket.pyx\", line 742, in zmq.backend.cython.socket.Socket.send\n","stderr":true},"type":"standard_output"}
{"payload":{"local_timestamp":1691941732091,"output":"  File \"zmq/backend/cython/socket.pyx\", line 783, in zmq.backend.cython.socket.Socket.send\n","stderr":true},"type":"standard_output"}
{"payload":{"local_timestamp":1691941732091,"output":"  File \"zmq/backend/cython/socket.pyx\", line 138, in zmq.backend.cython.socket._check_closed\n","stderr":true},"type":"standard_output"}
{"payload":{"local_timestamp":1691941732091,"output":"zmq.error.ZMQError: Socket operation on non-socket\n","stderr":true},"type":"standard_output"}
{"payload":{"local_timestamp":1691941732091,"output":"Call stack:\n","stderr":true},"type":"standard_output"}
{"payload":{"local_timestamp":1691941732091,"output":"  File \"/home/yacine/miniconda3/envs/psm/lib/python3.11/site-packages/comet_ml/_online.py\", line 654, in _on_end\n    successful_clean = super(Experiment, self)._on_end(wait=wait)\n","stderr":true},"type":"standard_output"}
{"payload":{"local_timestamp":1691941732092,"output":"  File \"/home/yacine/miniconda3/envs/psm/lib/python3.11/site-packages/comet_ml/experiment.py\", line 897, in _on_end\n    self._report_summary()\n","stderr":true},"type":"standard_output"}
{"payload":{"local_timestamp":1691941732092,"output":"  File \"/home/yacine/miniconda3/envs/psm/lib/python3.11/site-packages/comet_ml/experiment.py\", line 773, in _report_summary\n    summary = self._summary.generate_summary(self.display_summary_level)\n","stderr":true},"type":"standard_output"}
{"payload":{"local_timestamp":1691941732092,"output":"  File \"/home/yacine/miniconda3/envs/psm/lib/python3.11/site-packages/comet_ml/summary.py\", line 161, in generate_summary\n    LOGGER.info(\"  %s:\", topic)\n","stderr":true},"type":"standard_output"}
{"payload":{"local_timestamp":1691941732092,"output":"Message: '  %s:'\nArguments: ('Data',)\n","stderr":true},"type":"standard_output"}
{"payload":{"local_timestamp":1691941732092,"output":"\u001b[1;38;5;39mCOMET INFO:\u001b[0m     display_summary_level : 1\n","stderr":true},"type":"standard_output"}
{"payload":{"local_timestamp":1691941732092,"output":"--- Logging error ---\n","stderr":true},"type":"standard_output"}
{"payload":{"local_timestamp":1691941732092,"output":"Traceback (most recent call last):\n","stderr":true},"type":"standard_output"}
{"payload":{"local_timestamp":1691941732092,"output":"  File \"/home/yacine/miniconda3/envs/psm/lib/python3.11/logging/__init__.py\", line 1114, in emit\n    self.flush()\n","stderr":true},"type":"standard_output"}
{"payload":{"local_timestamp":1691941732092,"output":"  File \"/home/yacine/miniconda3/envs/psm/lib/python3.11/logging/__init__.py\", line 1094, in flush\n    self.stream.flush()\n","stderr":true},"type":"standard_output"}
{"payload":{"local_timestamp":1691941732092,"output":"  File \"/home/yacine/miniconda3/envs/psm/lib/python3.11/site-packages/ipykernel/iostream.py\", line 559, in flush\n    self.pub_thread.schedule(self._flush)\n","stderr":true},"type":"standard_output"}
{"payload":{"local_timestamp":1691941732092,"output":"  File \"/home/yacine/miniconda3/envs/psm/lib/python3.11/site-packages/ipykernel/iostream.py\", line 251, in schedule\n    self._event_pipe.send(b\"\")\n","stderr":true},"type":"standard_output"}
{"payload":{"local_timestamp":1691941732092,"output":"  File \"/home/yacine/miniconda3/envs/psm/lib/python3.11/site-packages/zmq/sugar/socket.py\", line 696, in send\n    return super().send(data, flags=flags, copy=copy, track=track)\n           ^^^^^^^^^^^^^^^^^^^^^^^^^^^^^^^^^^^^^^^^^^^^^^^^^^^^^^^\n","stderr":true},"type":"standard_output"}
{"payload":{"local_timestamp":1691941732092,"output":"  File \"zmq/backend/cython/socket.pyx\", line 742, in zmq.backend.cython.socket.Socket.send\n","stderr":true},"type":"standard_output"}
{"payload":{"local_timestamp":1691941732092,"output":"  File \"zmq/backend/cython/socket.pyx\", line 783, in zmq.backend.cython.socket.Socket.send\n","stderr":true},"type":"standard_output"}
{"payload":{"local_timestamp":1691941732092,"output":"  File \"zmq/backend/cython/socket.pyx\", line 138, in zmq.backend.cython.socket._check_closed\n","stderr":true},"type":"standard_output"}
{"payload":{"local_timestamp":1691941732092,"output":"zmq.error.ZMQError: Socket operation on non-socket\n","stderr":true},"type":"standard_output"}
{"payload":{"local_timestamp":1691941732092,"output":"Call stack:\n","stderr":true},"type":"standard_output"}
{"payload":{"local_timestamp":1691941732093,"output":"  File \"/home/yacine/miniconda3/envs/psm/lib/python3.11/site-packages/comet_ml/_online.py\", line 654, in _on_end\n    successful_clean = super(Experiment, self)._on_end(wait=wait)\n","stderr":true},"type":"standard_output"}
{"payload":{"local_timestamp":1691941732093,"output":"  File \"/home/yacine/miniconda3/envs/psm/lib/python3.11/site-packages/comet_ml/experiment.py\", line 897, in _on_end\n    self._report_summary()\n","stderr":true},"type":"standard_output"}
{"payload":{"local_timestamp":1691941732093,"output":"  File \"/home/yacine/miniconda3/envs/psm/lib/python3.11/site-packages/comet_ml/experiment.py\", line 773, in _report_summary\n    summary = self._summary.generate_summary(self.display_summary_level)\n","stderr":true},"type":"standard_output"}
{"payload":{"local_timestamp":1691941732093,"output":"  File \"/home/yacine/miniconda3/envs/psm/lib/python3.11/site-packages/comet_ml/summary.py\", line 170, in generate_summary\n    LOGGER.info(\"    %-\" + str(max_size) + \"s: %s\", desc, value)\n","stderr":true},"type":"standard_output"}
{"payload":{"local_timestamp":1691941732093,"output":"Message: '    %-22s: %s'\nArguments: ('display_summary_level', 1)\n","stderr":true},"type":"standard_output"}
{"payload":{"local_timestamp":1691941732093,"output":"\u001b[1;38;5;39mCOMET INFO:\u001b[0m     url                   : https://www.comet.com/yacinebelhadj/psm-mdof1/1c321473c50a49a883252a517e1aff65\n","stderr":true},"type":"standard_output"}
{"payload":{"local_timestamp":1691941732093,"output":"--- Logging error ---\n","stderr":true},"type":"standard_output"}
{"payload":{"local_timestamp":1691941732093,"output":"Traceback (most recent call last):\n","stderr":true},"type":"standard_output"}
{"payload":{"local_timestamp":1691941732093,"output":"  File \"/home/yacine/miniconda3/envs/psm/lib/python3.11/logging/__init__.py\", line 1114, in emit\n    self.flush()\n","stderr":true},"type":"standard_output"}
{"payload":{"local_timestamp":1691941732093,"output":"  File \"/home/yacine/miniconda3/envs/psm/lib/python3.11/logging/__init__.py\", line 1094, in flush\n    self.stream.flush()\n","stderr":true},"type":"standard_output"}
{"payload":{"local_timestamp":1691941732093,"output":"  File \"/home/yacine/miniconda3/envs/psm/lib/python3.11/site-packages/ipykernel/iostream.py\", line 559, in flush\n    self.pub_thread.schedule(self._flush)\n","stderr":true},"type":"standard_output"}
{"payload":{"local_timestamp":1691941732093,"output":"  File \"/home/yacine/miniconda3/envs/psm/lib/python3.11/site-packages/ipykernel/iostream.py\", line 251, in schedule\n    self._event_pipe.send(b\"\")\n","stderr":true},"type":"standard_output"}
{"payload":{"local_timestamp":1691941732093,"output":"  File \"/home/yacine/miniconda3/envs/psm/lib/python3.11/site-packages/zmq/sugar/socket.py\", line 696, in send\n    return super().send(data, flags=flags, copy=copy, track=track)\n           ^^^^^^^^^^^^^^^^^^^^^^^^^^^^^^^^^^^^^^^^^^^^^^^^^^^^^^^\n","stderr":true},"type":"standard_output"}
{"payload":{"local_timestamp":1691941732093,"output":"  File \"zmq/backend/cython/socket.pyx\", line 742, in zmq.backend.cython.socket.Socket.send\n","stderr":true},"type":"standard_output"}
{"payload":{"local_timestamp":1691941732093,"output":"  File \"zmq/backend/cython/socket.pyx\", line 783, in zmq.backend.cython.socket.Socket.send\n","stderr":true},"type":"standard_output"}
{"payload":{"local_timestamp":1691941732093,"output":"  File \"zmq/backend/cython/socket.pyx\", line 138, in zmq.backend.cython.socket._check_closed\n","stderr":true},"type":"standard_output"}
{"payload":{"local_timestamp":1691941732093,"output":"zmq.error.ZMQError: Socket operation on non-socket\n","stderr":true},"type":"standard_output"}
{"payload":{"local_timestamp":1691941732093,"output":"Call stack:\n","stderr":true},"type":"standard_output"}
{"payload":{"local_timestamp":1691941732094,"output":"  File \"/home/yacine/miniconda3/envs/psm/lib/python3.11/site-packages/comet_ml/_online.py\", line 654, in _on_end\n    successful_clean = super(Experiment, self)._on_end(wait=wait)\n","stderr":true},"type":"standard_output"}
{"payload":{"local_timestamp":1691941732094,"output":"  File \"/home/yacine/miniconda3/envs/psm/lib/python3.11/site-packages/comet_ml/experiment.py\", line 897, in _on_end\n    self._report_summary()\n","stderr":true},"type":"standard_output"}
{"payload":{"local_timestamp":1691941732094,"output":"  File \"/home/yacine/miniconda3/envs/psm/lib/python3.11/site-packages/comet_ml/experiment.py\", line 773, in _report_summary\n    summary = self._summary.generate_summary(self.display_summary_level)\n","stderr":true},"type":"standard_output"}
{"payload":{"local_timestamp":1691941732094,"output":"  File \"/home/yacine/miniconda3/envs/psm/lib/python3.11/site-packages/comet_ml/summary.py\", line 170, in generate_summary\n    LOGGER.info(\"    %-\" + str(max_size) + \"s: %s\", desc, value)\n","stderr":true},"type":"standard_output"}
{"payload":{"local_timestamp":1691941732094,"output":"Message: '    %-22s: %s'\nArguments: ('url', 'https://www.comet.com/yacinebelhadj/psm-mdof1/1c321473c50a49a883252a517e1aff65')\n","stderr":true},"type":"standard_output"}
{"payload":{"local_timestamp":1691941732094,"output":"\u001b[1;38;5;39mCOMET INFO:\u001b[0m   Others:\n","stderr":true},"type":"standard_output"}
{"payload":{"local_timestamp":1691941732094,"output":"--- Logging error ---\n","stderr":true},"type":"standard_output"}
{"payload":{"local_timestamp":1691941732094,"output":"Traceback (most recent call last):\n","stderr":true},"type":"standard_output"}
{"payload":{"local_timestamp":1691941732094,"output":"  File \"/home/yacine/miniconda3/envs/psm/lib/python3.11/logging/__init__.py\", line 1114, in emit\n    self.flush()\n","stderr":true},"type":"standard_output"}
{"payload":{"local_timestamp":1691941732094,"output":"  File \"/home/yacine/miniconda3/envs/psm/lib/python3.11/logging/__init__.py\", line 1094, in flush\n    self.stream.flush()\n","stderr":true},"type":"standard_output"}
{"payload":{"local_timestamp":1691941732094,"output":"  File \"/home/yacine/miniconda3/envs/psm/lib/python3.11/site-packages/ipykernel/iostream.py\", line 559, in flush\n    self.pub_thread.schedule(self._flush)\n","stderr":true},"type":"standard_output"}
{"payload":{"local_timestamp":1691941732094,"output":"  File \"/home/yacine/miniconda3/envs/psm/lib/python3.11/site-packages/ipykernel/iostream.py\", line 251, in schedule\n    self._event_pipe.send(b\"\")\n","stderr":true},"type":"standard_output"}
{"payload":{"local_timestamp":1691941732094,"output":"  File \"/home/yacine/miniconda3/envs/psm/lib/python3.11/site-packages/zmq/sugar/socket.py\", line 696, in send\n    return super().send(data, flags=flags, copy=copy, track=track)\n           ^^^^^^^^^^^^^^^^^^^^^^^^^^^^^^^^^^^^^^^^^^^^^^^^^^^^^^^\n","stderr":true},"type":"standard_output"}
{"payload":{"local_timestamp":1691941732094,"output":"  File \"zmq/backend/cython/socket.pyx\", line 742, in zmq.backend.cython.socket.Socket.send\n","stderr":true},"type":"standard_output"}
{"payload":{"local_timestamp":1691941732094,"output":"  File \"zmq/backend/cython/socket.pyx\", line 783, in zmq.backend.cython.socket.Socket.send\n","stderr":true},"type":"standard_output"}
{"payload":{"local_timestamp":1691941732094,"output":"  File \"zmq/backend/cython/socket.pyx\", line 138, in zmq.backend.cython.socket._check_closed\n","stderr":true},"type":"standard_output"}
{"payload":{"local_timestamp":1691941732094,"output":"zmq.error.ZMQError: Socket operation on non-socket\n","stderr":true},"type":"standard_output"}
{"payload":{"local_timestamp":1691941732094,"output":"Call stack:\n","stderr":true},"type":"standard_output"}
{"payload":{"local_timestamp":1691941732094,"output":"  File \"/home/yacine/miniconda3/envs/psm/lib/python3.11/site-packages/comet_ml/_online.py\", line 654, in _on_end\n    successful_clean = super(Experiment, self)._on_end(wait=wait)\n","stderr":true},"type":"standard_output"}
{"payload":{"local_timestamp":1691941732094,"output":"  File \"/home/yacine/miniconda3/envs/psm/lib/python3.11/site-packages/comet_ml/experiment.py\", line 897, in _on_end\n    self._report_summary()\n","stderr":true},"type":"standard_output"}
{"payload":{"local_timestamp":1691941732095,"output":"  File \"/home/yacine/miniconda3/envs/psm/lib/python3.11/site-packages/comet_ml/experiment.py\", line 773, in _report_summary\n    summary = self._summary.generate_summary(self.display_summary_level)\n","stderr":true},"type":"standard_output"}
{"payload":{"local_timestamp":1691941732095,"output":"  File \"/home/yacine/miniconda3/envs/psm/lib/python3.11/site-packages/comet_ml/summary.py\", line 161, in generate_summary\n    LOGGER.info(\"  %s:\", topic)\n","stderr":true},"type":"standard_output"}
{"payload":{"local_timestamp":1691941732095,"output":"Message: '  %s:'\nArguments: ('Others',)\n","stderr":true},"type":"standard_output"}
{"payload":{"local_timestamp":1691941732095,"output":"\u001b[1;38;5;39mCOMET INFO:\u001b[0m     Created from : pytorch-lightning\n","stderr":true},"type":"standard_output"}
{"payload":{"local_timestamp":1691941732095,"output":"--- Logging error ---\n","stderr":true},"type":"standard_output"}
{"payload":{"local_timestamp":1691941732095,"output":"Traceback (most recent call last):\n","stderr":true},"type":"standard_output"}
{"payload":{"local_timestamp":1691941732095,"output":"  File \"/home/yacine/miniconda3/envs/psm/lib/python3.11/logging/__init__.py\", line 1114, in emit\n    self.flush()\n","stderr":true},"type":"standard_output"}
{"payload":{"local_timestamp":1691941732095,"output":"  File \"/home/yacine/miniconda3/envs/psm/lib/python3.11/logging/__init__.py\", line 1094, in flush\n    self.stream.flush()\n","stderr":true},"type":"standard_output"}
{"payload":{"local_timestamp":1691941732095,"output":"  File \"/home/yacine/miniconda3/envs/psm/lib/python3.11/site-packages/ipykernel/iostream.py\", line 559, in flush\n    self.pub_thread.schedule(self._flush)\n","stderr":true},"type":"standard_output"}
{"payload":{"local_timestamp":1691941732095,"output":"  File \"/home/yacine/miniconda3/envs/psm/lib/python3.11/site-packages/ipykernel/iostream.py\", line 251, in schedule\n    self._event_pipe.send(b\"\")\n","stderr":true},"type":"standard_output"}
{"payload":{"local_timestamp":1691941732095,"output":"  File \"/home/yacine/miniconda3/envs/psm/lib/python3.11/site-packages/zmq/sugar/socket.py\", line 696, in send\n    return super().send(data, flags=flags, copy=copy, track=track)\n           ^^^^^^^^^^^^^^^^^^^^^^^^^^^^^^^^^^^^^^^^^^^^^^^^^^^^^^^\n","stderr":true},"type":"standard_output"}
{"payload":{"local_timestamp":1691941732095,"output":"  File \"zmq/backend/cython/socket.pyx\", line 742, in zmq.backend.cython.socket.Socket.send\n","stderr":true},"type":"standard_output"}
{"payload":{"local_timestamp":1691941732095,"output":"  File \"zmq/backend/cython/socket.pyx\", line 783, in zmq.backend.cython.socket.Socket.send\n","stderr":true},"type":"standard_output"}
{"payload":{"local_timestamp":1691941732095,"output":"  File \"zmq/backend/cython/socket.pyx\", line 138, in zmq.backend.cython.socket._check_closed\n","stderr":true},"type":"standard_output"}
{"payload":{"local_timestamp":1691941732095,"output":"zmq.error.ZMQError: Socket operation on non-socket\n","stderr":true},"type":"standard_output"}
{"payload":{"local_timestamp":1691941732095,"output":"Call stack:\n","stderr":true},"type":"standard_output"}
{"payload":{"local_timestamp":1691941732096,"output":"  File \"/home/yacine/miniconda3/envs/psm/lib/python3.11/site-packages/comet_ml/_online.py\", line 654, in _on_end\n    successful_clean = super(Experiment, self)._on_end(wait=wait)\n","stderr":true},"type":"standard_output"}
{"payload":{"local_timestamp":1691941732096,"output":"  File \"/home/yacine/miniconda3/envs/psm/lib/python3.11/site-packages/comet_ml/experiment.py\", line 897, in _on_end\n    self._report_summary()\n","stderr":true},"type":"standard_output"}
{"payload":{"local_timestamp":1691941732096,"output":"  File \"/home/yacine/miniconda3/envs/psm/lib/python3.11/site-packages/comet_ml/experiment.py\", line 773, in _report_summary\n    summary = self._summary.generate_summary(self.display_summary_level)\n","stderr":true},"type":"standard_output"}
{"payload":{"local_timestamp":1691941732096,"output":"  File \"/home/yacine/miniconda3/envs/psm/lib/python3.11/site-packages/comet_ml/summary.py\", line 170, in generate_summary\n    LOGGER.info(\"    %-\" + str(max_size) + \"s: %s\", desc, value)\n","stderr":true},"type":"standard_output"}
{"payload":{"local_timestamp":1691941732096,"output":"Message: '    %-13s: %s'\nArguments: ('Created from', 'pytorch-lightning')\n","stderr":true},"type":"standard_output"}
{"payload":{"local_timestamp":1691941732096,"output":"\u001b[1;38;5;39mCOMET INFO:\u001b[0m   Uploads:\n","stderr":true},"type":"standard_output"}
{"payload":{"local_timestamp":1691941732096,"output":"--- Logging error ---\n","stderr":true},"type":"standard_output"}
{"payload":{"local_timestamp":1691941732097,"output":"Traceback (most recent call last):\n","stderr":true},"type":"standard_output"}
{"payload":{"local_timestamp":1691941732097,"output":"  File \"/home/yacine/miniconda3/envs/psm/lib/python3.11/logging/__init__.py\", line 1114, in emit\n    self.flush()\n","stderr":true},"type":"standard_output"}
{"payload":{"local_timestamp":1691941732097,"output":"  File \"/home/yacine/miniconda3/envs/psm/lib/python3.11/logging/__init__.py\", line 1094, in flush\n    self.stream.flush()\n","stderr":true},"type":"standard_output"}
{"payload":{"local_timestamp":1691941732097,"output":"  File \"/home/yacine/miniconda3/envs/psm/lib/python3.11/site-packages/ipykernel/iostream.py\", line 559, in flush\n    self.pub_thread.schedule(self._flush)\n","stderr":true},"type":"standard_output"}
{"payload":{"local_timestamp":1691941732097,"output":"  File \"/home/yacine/miniconda3/envs/psm/lib/python3.11/site-packages/ipykernel/iostream.py\", line 251, in schedule\n    self._event_pipe.send(b\"\")\n","stderr":true},"type":"standard_output"}
{"payload":{"local_timestamp":1691941732097,"output":"  File \"/home/yacine/miniconda3/envs/psm/lib/python3.11/site-packages/zmq/sugar/socket.py\", line 696, in send\n    return super().send(data, flags=flags, copy=copy, track=track)\n           ^^^^^^^^^^^^^^^^^^^^^^^^^^^^^^^^^^^^^^^^^^^^^^^^^^^^^^^\n","stderr":true},"type":"standard_output"}
{"payload":{"local_timestamp":1691941732097,"output":"  File \"zmq/backend/cython/socket.pyx\", line 742, in zmq.backend.cython.socket.Socket.send\n","stderr":true},"type":"standard_output"}
{"payload":{"local_timestamp":1691941732097,"output":"  File \"zmq/backend/cython/socket.pyx\", line 783, in zmq.backend.cython.socket.Socket.send\n","stderr":true},"type":"standard_output"}
{"payload":{"local_timestamp":1691941732097,"output":"  File \"zmq/backend/cython/socket.pyx\", line 138, in zmq.backend.cython.socket._check_closed\n","stderr":true},"type":"standard_output"}
{"payload":{"local_timestamp":1691941732097,"output":"zmq.error.ZMQError: Socket operation on non-socket\n","stderr":true},"type":"standard_output"}
{"payload":{"local_timestamp":1691941732097,"output":"Call stack:\n","stderr":true},"type":"standard_output"}
{"payload":{"local_timestamp":1691941732097,"output":"  File \"/home/yacine/miniconda3/envs/psm/lib/python3.11/site-packages/comet_ml/_online.py\", line 654, in _on_end\n    successful_clean = super(Experiment, self)._on_end(wait=wait)\n","stderr":true},"type":"standard_output"}
{"payload":{"local_timestamp":1691941732097,"output":"  File \"/home/yacine/miniconda3/envs/psm/lib/python3.11/site-packages/comet_ml/experiment.py\", line 897, in _on_end\n    self._report_summary()\n","stderr":true},"type":"standard_output"}
{"payload":{"local_timestamp":1691941732097,"output":"  File \"/home/yacine/miniconda3/envs/psm/lib/python3.11/site-packages/comet_ml/experiment.py\", line 773, in _report_summary\n    summary = self._summary.generate_summary(self.display_summary_level)\n","stderr":true},"type":"standard_output"}
{"payload":{"local_timestamp":1691941732097,"output":"  File \"/home/yacine/miniconda3/envs/psm/lib/python3.11/site-packages/comet_ml/summary.py\", line 161, in generate_summary\n    LOGGER.info(\"  %s:\", topic)\n","stderr":true},"type":"standard_output"}
{"payload":{"local_timestamp":1691941732097,"output":"Message: '  %s:'\nArguments: ('Uploads',)\n","stderr":true},"type":"standard_output"}
{"payload":{"local_timestamp":1691941732097,"output":"\u001b[1;38;5;39mCOMET INFO:\u001b[0m     asset         : 1 (4.99 MB)\n","stderr":true},"type":"standard_output"}
{"payload":{"local_timestamp":1691941732098,"output":"--- Logging error ---\n","stderr":true},"type":"standard_output"}
{"payload":{"local_timestamp":1691941732098,"output":"Traceback (most recent call last):\n","stderr":true},"type":"standard_output"}
{"payload":{"local_timestamp":1691941732098,"output":"  File \"/home/yacine/miniconda3/envs/psm/lib/python3.11/logging/__init__.py\", line 1114, in emit\n    self.flush()\n","stderr":true},"type":"standard_output"}
{"payload":{"local_timestamp":1691941732098,"output":"  File \"/home/yacine/miniconda3/envs/psm/lib/python3.11/logging/__init__.py\", line 1094, in flush\n    self.stream.flush()\n","stderr":true},"type":"standard_output"}
{"payload":{"local_timestamp":1691941732098,"output":"  File \"/home/yacine/miniconda3/envs/psm/lib/python3.11/site-packages/ipykernel/iostream.py\", line 559, in flush\n    self.pub_thread.schedule(self._flush)\n","stderr":true},"type":"standard_output"}
{"payload":{"local_timestamp":1691941732098,"output":"  File \"/home/yacine/miniconda3/envs/psm/lib/python3.11/site-packages/ipykernel/iostream.py\", line 251, in schedule\n    self._event_pipe.send(b\"\")\n","stderr":true},"type":"standard_output"}
{"payload":{"local_timestamp":1691941732098,"output":"  File \"/home/yacine/miniconda3/envs/psm/lib/python3.11/site-packages/zmq/sugar/socket.py\", line 696, in send\n    return super().send(data, flags=flags, copy=copy, track=track)\n           ^^^^^^^^^^^^^^^^^^^^^^^^^^^^^^^^^^^^^^^^^^^^^^^^^^^^^^^\n","stderr":true},"type":"standard_output"}
{"payload":{"local_timestamp":1691941732098,"output":"  File \"zmq/backend/cython/socket.pyx\", line 742, in zmq.backend.cython.socket.Socket.send\n","stderr":true},"type":"standard_output"}
{"payload":{"local_timestamp":1691941732098,"output":"  File \"zmq/backend/cython/socket.pyx\", line 783, in zmq.backend.cython.socket.Socket.send\n","stderr":true},"type":"standard_output"}
{"payload":{"local_timestamp":1691941732098,"output":"  File \"zmq/backend/cython/socket.pyx\", line 138, in zmq.backend.cython.socket._check_closed\n","stderr":true},"type":"standard_output"}
{"payload":{"local_timestamp":1691941732098,"output":"zmq.error.ZMQError: Socket operation on non-socket\n","stderr":true},"type":"standard_output"}
{"payload":{"local_timestamp":1691941732098,"output":"Call stack:\n","stderr":true},"type":"standard_output"}
{"payload":{"local_timestamp":1691941732098,"output":"  File \"/home/yacine/miniconda3/envs/psm/lib/python3.11/site-packages/comet_ml/_online.py\", line 654, in _on_end\n    successful_clean = super(Experiment, self)._on_end(wait=wait)\n","stderr":true},"type":"standard_output"}
{"payload":{"local_timestamp":1691941732098,"output":"  File \"/home/yacine/miniconda3/envs/psm/lib/python3.11/site-packages/comet_ml/experiment.py\", line 897, in _on_end\n    self._report_summary()\n","stderr":true},"type":"standard_output"}
{"payload":{"local_timestamp":1691941732098,"output":"  File \"/home/yacine/miniconda3/envs/psm/lib/python3.11/site-packages/comet_ml/experiment.py\", line 773, in _report_summary\n    summary = self._summary.generate_summary(self.display_summary_level)\n","stderr":true},"type":"standard_output"}
{"payload":{"local_timestamp":1691941732098,"output":"  File \"/home/yacine/miniconda3/envs/psm/lib/python3.11/site-packages/comet_ml/summary.py\", line 170, in generate_summary\n    LOGGER.info(\"    %-\" + str(max_size) + \"s: %s\", desc, value)\n","stderr":true},"type":"standard_output"}
{"payload":{"local_timestamp":1691941732098,"output":"Message: '    %-14s: %s'\nArguments: ('asset', '1 (4.99 MB)')\n","stderr":true},"type":"standard_output"}
{"payload":{"local_timestamp":1691941732099,"output":"\u001b[1;38;5;39mCOMET INFO:\u001b[0m     model-element : 1 (4.99 MB)\n","stderr":true},"type":"standard_output"}
{"payload":{"local_timestamp":1691941732099,"output":"--- Logging error ---\n","stderr":true},"type":"standard_output"}
{"payload":{"local_timestamp":1691941732099,"output":"Traceback (most recent call last):\n","stderr":true},"type":"standard_output"}
{"payload":{"local_timestamp":1691941732099,"output":"  File \"/home/yacine/miniconda3/envs/psm/lib/python3.11/logging/__init__.py\", line 1114, in emit\n    self.flush()\n","stderr":true},"type":"standard_output"}
{"payload":{"local_timestamp":1691941732099,"output":"  File \"/home/yacine/miniconda3/envs/psm/lib/python3.11/logging/__init__.py\", line 1094, in flush\n    self.stream.flush()\n","stderr":true},"type":"standard_output"}
{"payload":{"local_timestamp":1691941732099,"output":"  File \"/home/yacine/miniconda3/envs/psm/lib/python3.11/site-packages/ipykernel/iostream.py\", line 559, in flush\n    self.pub_thread.schedule(self._flush)\n","stderr":true},"type":"standard_output"}
{"payload":{"local_timestamp":1691941732099,"output":"  File \"/home/yacine/miniconda3/envs/psm/lib/python3.11/site-packages/ipykernel/iostream.py\", line 251, in schedule\n    self._event_pipe.send(b\"\")\n","stderr":true},"type":"standard_output"}
{"payload":{"local_timestamp":1691941732099,"output":"  File \"/home/yacine/miniconda3/envs/psm/lib/python3.11/site-packages/zmq/sugar/socket.py\", line 696, in send\n    return super().send(data, flags=flags, copy=copy, track=track)\n           ^^^^^^^^^^^^^^^^^^^^^^^^^^^^^^^^^^^^^^^^^^^^^^^^^^^^^^^\n","stderr":true},"type":"standard_output"}
{"payload":{"local_timestamp":1691941732099,"output":"  File \"zmq/backend/cython/socket.pyx\", line 742, in zmq.backend.cython.socket.Socket.send\n","stderr":true},"type":"standard_output"}
{"payload":{"local_timestamp":1691941732099,"output":"  File \"zmq/backend/cython/socket.pyx\", line 783, in zmq.backend.cython.socket.Socket.send\n","stderr":true},"type":"standard_output"}
{"payload":{"local_timestamp":1691941732099,"output":"  File \"zmq/backend/cython/socket.pyx\", line 138, in zmq.backend.cython.socket._check_closed\n","stderr":true},"type":"standard_output"}
{"payload":{"local_timestamp":1691941732099,"output":"zmq.error.ZMQError: Socket operation on non-socket\n","stderr":true},"type":"standard_output"}
{"payload":{"local_timestamp":1691941732099,"output":"Call stack:\n","stderr":true},"type":"standard_output"}
{"payload":{"local_timestamp":1691941732099,"output":"  File \"/home/yacine/miniconda3/envs/psm/lib/python3.11/site-packages/comet_ml/_online.py\", line 654, in _on_end\n    successful_clean = super(Experiment, self)._on_end(wait=wait)\n","stderr":true},"type":"standard_output"}
{"payload":{"local_timestamp":1691941732099,"output":"  File \"/home/yacine/miniconda3/envs/psm/lib/python3.11/site-packages/comet_ml/experiment.py\", line 897, in _on_end\n    self._report_summary()\n","stderr":true},"type":"standard_output"}
{"payload":{"local_timestamp":1691941732099,"output":"  File \"/home/yacine/miniconda3/envs/psm/lib/python3.11/site-packages/comet_ml/experiment.py\", line 773, in _report_summary\n    summary = self._summary.generate_summary(self.display_summary_level)\n","stderr":true},"type":"standard_output"}
{"payload":{"local_timestamp":1691941732099,"output":"  File \"/home/yacine/miniconda3/envs/psm/lib/python3.11/site-packages/comet_ml/summary.py\", line 170, in generate_summary\n    LOGGER.info(\"    %-\" + str(max_size) + \"s: %s\", desc, value)\n","stderr":true},"type":"standard_output"}
{"payload":{"local_timestamp":1691941732099,"output":"Message: '    %-14s: %s'\nArguments: ('model-element', '1 (4.99 MB)')\n","stderr":true},"type":"standard_output"}
{"payload":{"local_timestamp":1691941732099,"output":"\u001b[1;38;5;39mCOMET INFO:\u001b[0m \n","stderr":true},"type":"standard_output"}
{"payload":{"local_timestamp":1691941732100,"output":"--- Logging error ---\n","stderr":true},"type":"standard_output"}
{"payload":{"local_timestamp":1691941732100,"output":"Traceback (most recent call last):\n","stderr":true},"type":"standard_output"}
{"payload":{"local_timestamp":1691941732100,"output":"  File \"/home/yacine/miniconda3/envs/psm/lib/python3.11/logging/__init__.py\", line 1114, in emit\n    self.flush()\n","stderr":true},"type":"standard_output"}
{"payload":{"local_timestamp":1691941732100,"output":"  File \"/home/yacine/miniconda3/envs/psm/lib/python3.11/logging/__init__.py\", line 1094, in flush\n    self.stream.flush()\n","stderr":true},"type":"standard_output"}
{"payload":{"local_timestamp":1691941732100,"output":"  File \"/home/yacine/miniconda3/envs/psm/lib/python3.11/site-packages/ipykernel/iostream.py\", line 559, in flush\n    self.pub_thread.schedule(self._flush)\n","stderr":true},"type":"standard_output"}
{"payload":{"local_timestamp":1691941732100,"output":"  File \"/home/yacine/miniconda3/envs/psm/lib/python3.11/site-packages/ipykernel/iostream.py\", line 251, in schedule\n    self._event_pipe.send(b\"\")\n","stderr":true},"type":"standard_output"}
{"payload":{"local_timestamp":1691941732100,"output":"  File \"/home/yacine/miniconda3/envs/psm/lib/python3.11/site-packages/zmq/sugar/socket.py\", line 696, in send\n    return super().send(data, flags=flags, copy=copy, track=track)\n           ^^^^^^^^^^^^^^^^^^^^^^^^^^^^^^^^^^^^^^^^^^^^^^^^^^^^^^^\n","stderr":true},"type":"standard_output"}
{"payload":{"local_timestamp":1691941732100,"output":"  File \"zmq/backend/cython/socket.pyx\", line 742, in zmq.backend.cython.socket.Socket.send\n","stderr":true},"type":"standard_output"}
{"payload":{"local_timestamp":1691941732100,"output":"  File \"zmq/backend/cython/socket.pyx\", line 783, in zmq.backend.cython.socket.Socket.send\n","stderr":true},"type":"standard_output"}
{"payload":{"local_timestamp":1691941732100,"output":"  File \"zmq/backend/cython/socket.pyx\", line 138, in zmq.backend.cython.socket._check_closed\n","stderr":true},"type":"standard_output"}
{"payload":{"local_timestamp":1691941732100,"output":"zmq.error.ZMQError: Socket operation on non-socket\n","stderr":true},"type":"standard_output"}
{"payload":{"local_timestamp":1691941732100,"output":"Call stack:\n","stderr":true},"type":"standard_output"}
{"payload":{"local_timestamp":1691941732100,"output":"  File \"/home/yacine/miniconda3/envs/psm/lib/python3.11/site-packages/comet_ml/_online.py\", line 654, in _on_end\n    successful_clean = super(Experiment, self)._on_end(wait=wait)\n","stderr":true},"type":"standard_output"}
{"payload":{"local_timestamp":1691941732100,"output":"  File \"/home/yacine/miniconda3/envs/psm/lib/python3.11/site-packages/comet_ml/experiment.py\", line 897, in _on_end\n    self._report_summary()\n","stderr":true},"type":"standard_output"}
{"payload":{"local_timestamp":1691941732100,"output":"  File \"/home/yacine/miniconda3/envs/psm/lib/python3.11/site-packages/comet_ml/experiment.py\", line 773, in _report_summary\n    summary = self._summary.generate_summary(self.display_summary_level)\n","stderr":true},"type":"standard_output"}
{"payload":{"local_timestamp":1691941732100,"output":"  File \"/home/yacine/miniconda3/envs/psm/lib/python3.11/site-packages/comet_ml/summary.py\", line 172, in generate_summary\n    LOGGER.info(\"\")\n","stderr":true},"type":"standard_output"}
{"payload":{"local_timestamp":1691941732100,"output":"Message: ''\nArguments: ()\n","stderr":true},"type":"standard_output"}
