{"payload":{"local_timestamp":1691681051385,"output":"\u001b[1;38;5;39mCOMET INFO:\u001b[0m Experiment is live on comet.com https://www.comet.com/yacinebelhadj/psm-mdof1/81dc03a7b89a4565b5422e3bb98fc144\n\n","stderr":true},"type":"standard_output"}
{"payload":{"key":"Created from","value":"pytorch-lightning"},"type":"log_other"}
{"payload":{"additional_params":{"assetId":"bdda508c40514c4fa7ddc8558b299002","context":null,"extension":"ckpt","fileName":"best-epoch=00-val_loss=nan-v13.ckpt","groupingName":"best_model","overwrite":false,"runId":"6k76EwS7GReYxQ8Szj7dYzuLK","step":null,"type":"model-element"},"clean":true,"file_path":"tmpu2kudn1s","local_timestamp":1691681051401,"metadata":{},"upload_type":"model-element"},"type":"file_upload"}
{"payload":{"local_timestamp":1691681051402,"param":{"paramName":"curr_step","paramValue":500,"source":"auto-logged","step":500}},"type":"parameter_msg"}
{"payload":{"additional_params":{"assetId":"84baf6dbe8684d44b50e7499c9d37983","context":null,"extension":"ckpt","fileName":"best-epoch=00-val_loss=nan-v13.ckpt","overwrite":false,"runId":"6k76EwS7GReYxQ8Szj7dYzuLK","step":500},"clean":true,"file_path":"tmp3lwkdmvq","local_timestamp":1691681051409,"metadata":{},"upload_type":"asset"},"type":"file_upload"}
{"payload":{"local_timestamp":1691681217206,"output":"\u001b[1;38;5;196mCOMET ERROR:\u001b[0m Heartbeat processing error\n","stderr":true},"type":"standard_output"}
{"payload":{"html":"<table border=\"1\" class=\"dataframe\">\n  <thead>\n    <tr style=\"text-align: center;\">\n      <th></th>\n      <th>system_0</th>\n      <th>system_1</th>\n      <th>system_2</th>\n      <th>system_3</th>\n      <th>system_4</th>\n      <th>system_5</th>\n      <th>system_6</th>\n      <th>system_7</th>\n      <th>system_8</th>\n      <th>system_9</th>\n      <th>system_10</th>\n      <th>system_11</th>\n      <th>system_12</th>\n      <th>system_13</th>\n      <th>system_14</th>\n      <th>system_15</th>\n      <th>system_16</th>\n      <th>system_17</th>\n      <th>system_18</th>\n      <th>system_19</th>\n    </tr>\n  </thead>\n  <tbody>\n    <tr>\n      <th>VAS_hm</th>\n      <td>0.821</td>\n      <td>0.762</td>\n      <td>0.737</td>\n      <td>0.794</td>\n      <td>0.787</td>\n      <td>0.688</td>\n      <td>0.783</td>\n      <td>0.828</td>\n      <td>0.746</td>\n      <td>0.833</td>\n      <td>0.667</td>\n      <td>0.766</td>\n      <td>0.690</td>\n      <td>0.889</td>\n      <td>0.637</td>\n      <td>0.800</td>\n      <td>0.700</td>\n      <td>0.680</td>\n      <td>0.633</td>\n      <td>0.693</td>\n    </tr>\n    <tr>\n      <th>VAS_m</th>\n      <td>0.815</td>\n      <td>0.770</td>\n      <td>0.734</td>\n      <td>0.790</td>\n      <td>0.793</td>\n      <td>0.698</td>\n      <td>0.791</td>\n      <td>0.822</td>\n      <td>0.754</td>\n      <td>0.826</td>\n      <td>0.675</td>\n      <td>0.761</td>\n      <td>0.692</td>\n      <td>0.883</td>\n      <td>0.641</td>\n      <td>0.797</td>\n      <td>0.691</td>\n      <td>0.689</td>\n      <td>0.629</td>\n      <td>0.702</td>\n    </tr>\n    <tr>\n      <th>VAS_gm</th>\n      <td>0.799</td>\n      <td>0.749</td>\n      <td>0.719</td>\n      <td>0.774</td>\n      <td>0.772</td>\n      <td>0.678</td>\n      <td>0.769</td>\n      <td>0.806</td>\n      <td>0.733</td>\n      <td>0.811</td>\n      <td>0.656</td>\n      <td>0.746</td>\n      <td>0.676</td>\n      <td>0.865</td>\n      <td>0.626</td>\n      <td>0.780</td>\n      <td>0.681</td>\n      <td>0.670</td>\n      <td>0.618</td>\n      <td>0.682</td>\n    </tr>\n    <tr>\n      <th>weighted_auc_VAS</th>\n      <td>0.816</td>\n      <td>0.708</td>\n      <td>0.732</td>\n      <td>0.784</td>\n      <td>0.771</td>\n      <td>0.648</td>\n      <td>0.770</td>\n      <td>0.848</td>\n      <td>0.707</td>\n      <td>0.836</td>\n      <td>0.632</td>\n      <td>0.733</td>\n      <td>0.644</td>\n      <td>0.918</td>\n      <td>0.581</td>\n      <td>0.791</td>\n      <td>0.681</td>\n      <td>0.627</td>\n      <td>0.622</td>\n      <td>0.646</td>\n    </tr>\n    <tr>\n      <th>AUC_0.03</th>\n      <td>0.533</td>\n      <td>0.533</td>\n      <td>0.475</td>\n      <td>0.470</td>\n      <td>0.436</td>\n      <td>0.484</td>\n      <td>0.380</td>\n      <td>0.525</td>\n      <td>0.443</td>\n      <td>0.487</td>\n      <td>0.519</td>\n      <td>0.536</td>\n      <td>0.553</td>\n      <td>0.430</td>\n      <td>0.574</td>\n      <td>0.519</td>\n      <td>0.500</td>\n      <td>0.615</td>\n      <td>0.575</td>\n      <td>0.530</td>\n    </tr>\n  </tbody>\n</table>"},"type":"html"}
{"payload":{"additional_params":{"assetId":"4c9d29e0422e4a6189cb89755f7371b6","context":null,"epoch":null,"extension":"csv","fileName":"aucs.csv","overwrite":false,"runId":"6k76EwS7GReYxQ8Szj7dYzuLK","step":500},"clean":true,"file_path":"tmpw3zzrk8u","local_timestamp":1691681228390,"metadata":{},"upload_type":"asset"},"type":"file_upload"}
{"payload":{"local_timestamp":1691681228382,"metric":{"epoch":null,"metricName":"mean_VAS_hm","metricValue":0.7466056350656401,"step":500}},"type":"metric_msg"}
{"payload":{"local_timestamp":1691681228382,"metric":{"epoch":null,"metricName":"mean_VAS_m","metricValue":0.7476227472124413,"step":500}},"type":"metric_msg"}
{"payload":{"local_timestamp":1691681228382,"metric":{"epoch":null,"metricName":"mean_VAS_gm","metricValue":0.7304971092571673,"step":500}},"type":"metric_msg"}
{"payload":{"local_timestamp":1691681228382,"metric":{"epoch":null,"metricName":"mean_weighted_auc_VAS","metricValue":0.7247023120493308,"step":500}},"type":"metric_msg"}
{"payload":{"local_timestamp":1691681228382,"metric":{"epoch":null,"metricName":"mean_AUC_0.03","metricValue":0.50575875,"step":500}},"type":"metric_msg"}
{"payload":{"additional_params":{"context":null,"extension":"svg","figCounter":0,"figName":"system_0","imageId":"555faa2d627d40b294f9d607ecdddd39","overwrite":false,"runId":"6k76EwS7GReYxQ8Szj7dYzuLK","step":500},"clean":true,"file_path":"tmplvxgblu1..svg","local_timestamp":1691681228506,"metadata":{},"upload_type":"visualization"},"type":"file_upload"}
{"payload":{"additional_params":{"context":null,"extension":"svg","figCounter":1,"figName":"system_1","imageId":"3b48d5ad1e0c43f0b8bd70301fa885f5","overwrite":false,"runId":"6k76EwS7GReYxQ8Szj7dYzuLK","step":500},"clean":true,"file_path":"tmpdlyeth4x..svg","local_timestamp":1691681228629,"metadata":{},"upload_type":"visualization"},"type":"file_upload"}
{"payload":{"additional_params":{"context":null,"extension":"svg","figCounter":2,"figName":"system_2","imageId":"834e0435aecb44a6ad51b05668b8008f","overwrite":false,"runId":"6k76EwS7GReYxQ8Szj7dYzuLK","step":500},"clean":true,"file_path":"tmpdozmqive..svg","local_timestamp":1691681228752,"metadata":{},"upload_type":"visualization"},"type":"file_upload"}
{"payload":{"additional_params":{"context":null,"extension":"svg","figCounter":3,"figName":"system_3","imageId":"6ca274d0b3d4441891640e05fe7cbc54","overwrite":false,"runId":"6k76EwS7GReYxQ8Szj7dYzuLK","step":500},"clean":true,"file_path":"tmpm3qji8d_..svg","local_timestamp":1691681228875,"metadata":{},"upload_type":"visualization"},"type":"file_upload"}
{"payload":{"additional_params":{"context":null,"extension":"svg","figCounter":4,"figName":"system_4","imageId":"043a38d2d90a47819bcd59fada86c110","overwrite":false,"runId":"6k76EwS7GReYxQ8Szj7dYzuLK","step":500},"clean":true,"file_path":"tmpjmpeexbw..svg","local_timestamp":1691681228998,"metadata":{},"upload_type":"visualization"},"type":"file_upload"}
{"payload":{"additional_params":{"context":null,"extension":"svg","figCounter":5,"figName":"system_5","imageId":"abca43c052494cf7aa6af0537a2a22a5","overwrite":false,"runId":"6k76EwS7GReYxQ8Szj7dYzuLK","step":500},"clean":true,"file_path":"tmpiidkll_w..svg","local_timestamp":1691681229120,"metadata":{},"upload_type":"visualization"},"type":"file_upload"}
{"payload":{"additional_params":{"context":null,"extension":"svg","figCounter":6,"figName":"system_6","imageId":"0d8a5c60b2544dbe8f29ca720a37d825","overwrite":false,"runId":"6k76EwS7GReYxQ8Szj7dYzuLK","step":500},"clean":true,"file_path":"tmpviu6opes..svg","local_timestamp":1691681229242,"metadata":{},"upload_type":"visualization"},"type":"file_upload"}
{"payload":{"additional_params":{"context":null,"extension":"svg","figCounter":7,"figName":"system_7","imageId":"79260c5e679c403c9ea820d826869aa4","overwrite":false,"runId":"6k76EwS7GReYxQ8Szj7dYzuLK","step":500},"clean":true,"file_path":"tmpvgz99yru..svg","local_timestamp":1691681229363,"metadata":{},"upload_type":"visualization"},"type":"file_upload"}
{"payload":{"additional_params":{"context":null,"extension":"svg","figCounter":8,"figName":"system_8","imageId":"fe157c36ab374e4d92a8ffa257c38e8d","overwrite":false,"runId":"6k76EwS7GReYxQ8Szj7dYzuLK","step":500},"clean":true,"file_path":"tmpd0901h1n..svg","local_timestamp":1691681229484,"metadata":{},"upload_type":"visualization"},"type":"file_upload"}
{"payload":{"additional_params":{"context":null,"extension":"svg","figCounter":9,"figName":"system_9","imageId":"81c36b307cc946e58bcf557bcb1131d5","overwrite":false,"runId":"6k76EwS7GReYxQ8Szj7dYzuLK","step":500},"clean":true,"file_path":"tmph9fh7ic0..svg","local_timestamp":1691681229603,"metadata":{},"upload_type":"visualization"},"type":"file_upload"}
{"payload":{"additional_params":{"context":null,"extension":"svg","figCounter":10,"figName":"system_10","imageId":"d435c8378bc74db39e2b1935cc9cb636","overwrite":false,"runId":"6k76EwS7GReYxQ8Szj7dYzuLK","step":500},"clean":true,"file_path":"tmply8_ernh..svg","local_timestamp":1691681229723,"metadata":{},"upload_type":"visualization"},"type":"file_upload"}
{"payload":{"additional_params":{"context":null,"extension":"svg","figCounter":11,"figName":"system_11","imageId":"ba5694830ec840a2b8081fadde119524","overwrite":false,"runId":"6k76EwS7GReYxQ8Szj7dYzuLK","step":500},"clean":true,"file_path":"tmp3cm66tqa..svg","local_timestamp":1691681229842,"metadata":{},"upload_type":"visualization"},"type":"file_upload"}
{"payload":{"additional_params":{"context":null,"extension":"svg","figCounter":12,"figName":"system_12","imageId":"65615c17a8be4b5fba61801a1af2aab4","overwrite":false,"runId":"6k76EwS7GReYxQ8Szj7dYzuLK","step":500},"clean":true,"file_path":"tmp3wqwfpa3..svg","local_timestamp":1691681229965,"metadata":{},"upload_type":"visualization"},"type":"file_upload"}
{"payload":{"additional_params":{"context":null,"extension":"svg","figCounter":13,"figName":"system_13","imageId":"4282aff8c0d344e982c32db0dd920358","overwrite":false,"runId":"6k76EwS7GReYxQ8Szj7dYzuLK","step":500},"clean":true,"file_path":"tmp9vpz9gdk..svg","local_timestamp":1691681230086,"metadata":{},"upload_type":"visualization"},"type":"file_upload"}
{"payload":{"additional_params":{"context":null,"extension":"svg","figCounter":14,"figName":"system_14","imageId":"2ea7de0d22a34607a7127280b5acf4aa","overwrite":false,"runId":"6k76EwS7GReYxQ8Szj7dYzuLK","step":500},"clean":true,"file_path":"tmpez84g_9j..svg","local_timestamp":1691681230207,"metadata":{},"upload_type":"visualization"},"type":"file_upload"}
{"payload":{"additional_params":{"context":null,"extension":"svg","figCounter":15,"figName":"system_15","imageId":"58ae773e085d47878807173ee3e80e8d","overwrite":false,"runId":"6k76EwS7GReYxQ8Szj7dYzuLK","step":500},"clean":true,"file_path":"tmp_46yea82..svg","local_timestamp":1691681230328,"metadata":{},"upload_type":"visualization"},"type":"file_upload"}
{"payload":{"additional_params":{"context":null,"extension":"svg","figCounter":16,"figName":"system_16","imageId":"6f5648f11df249a4ba5d3d83e9c8eac6","overwrite":false,"runId":"6k76EwS7GReYxQ8Szj7dYzuLK","step":500},"clean":true,"file_path":"tmpltcube_p..svg","local_timestamp":1691681230449,"metadata":{},"upload_type":"visualization"},"type":"file_upload"}
{"payload":{"additional_params":{"context":null,"extension":"svg","figCounter":17,"figName":"system_17","imageId":"f6d89b04d71c4385ad0ac1dbf55667da","overwrite":false,"runId":"6k76EwS7GReYxQ8Szj7dYzuLK","step":500},"clean":true,"file_path":"tmpz5x22aj5..svg","local_timestamp":1691681230570,"metadata":{},"upload_type":"visualization"},"type":"file_upload"}
{"payload":{"additional_params":{"context":null,"extension":"svg","figCounter":18,"figName":"system_18","imageId":"a3e43bade7df4e3aa47f412134d51734","overwrite":false,"runId":"6k76EwS7GReYxQ8Szj7dYzuLK","step":500},"clean":true,"file_path":"tmpgpkug5hg..svg","local_timestamp":1691681230694,"metadata":{},"upload_type":"visualization"},"type":"file_upload"}
{"payload":{"additional_params":{"context":null,"extension":"svg","figCounter":19,"figName":"system_19","imageId":"d8423d643d344484828678be81b0fa78","overwrite":false,"runId":"6k76EwS7GReYxQ8Szj7dYzuLK","step":500},"clean":true,"file_path":"tmpl58d4zy9..svg","local_timestamp":1691681230816,"metadata":{},"upload_type":"visualization"},"type":"file_upload"}
{"payload":{"local_timestamp":1691681230819,"output":"\u001b[1;38;5;39mCOMET INFO:\u001b[0m ---------------------------------------------------------------------------------------\n","stderr":true},"type":"standard_output"}
{"payload":{"local_timestamp":1691681230819,"output":"\u001b[1;38;5;39mCOMET INFO:\u001b[0m Comet.ml ExistingExperiment Summary\n","stderr":true},"type":"standard_output"}
{"payload":{"local_timestamp":1691681230820,"output":"\u001b[1;38;5;39mCOMET INFO:\u001b[0m ---------------------------------------------------------------------------------------\n","stderr":true},"type":"standard_output"}
{"payload":{"local_timestamp":1691681230820,"output":"\u001b[1;38;5;39mCOMET INFO:\u001b[0m   Data:\n","stderr":true},"type":"standard_output"}
{"payload":{"local_timestamp":1691681230821,"output":"\u001b[1;38;5;39mCOMET INFO:\u001b[0m     display_summary_level : 1\n","stderr":true},"type":"standard_output"}
{"payload":{"local_timestamp":1691681230821,"output":"\u001b[1;38;5;39mCOMET INFO:\u001b[0m     url                   : https://www.comet.com/yacinebelhadj/psm-mdof1/81dc03a7b89a4565b5422e3bb98fc144\n","stderr":true},"type":"standard_output"}
{"payload":{"local_timestamp":1691681230822,"output":"\u001b[1;38;5;39mCOMET INFO:\u001b[0m   Metrics:\n","stderr":true},"type":"standard_output"}
{"payload":{"local_timestamp":1691681230822,"output":"\u001b[1;38;5;39mCOMET INFO:\u001b[0m     mean_AUC_0.03         : 0.50575875\n","stderr":true},"type":"standard_output"}
{"payload":{"local_timestamp":1691681230823,"output":"\u001b[1;38;5;39mCOMET INFO:\u001b[0m     mean_VAS_gm           : 0.7304971092571673\n","stderr":true},"type":"standard_output"}
{"payload":{"local_timestamp":1691681230823,"output":"\u001b[1;38;5;39mCOMET INFO:\u001b[0m     mean_VAS_hm           : 0.7466056350656401\n","stderr":true},"type":"standard_output"}
{"payload":{"local_timestamp":1691681230823,"output":"\u001b[1;38;5;39mCOMET INFO:\u001b[0m     mean_VAS_m            : 0.7476227472124413\n","stderr":true},"type":"standard_output"}
{"payload":{"local_timestamp":1691681230824,"output":"\u001b[1;38;5;39mCOMET INFO:\u001b[0m     mean_weighted_auc_VAS : 0.7247023120493308\n","stderr":true},"type":"standard_output"}
{"payload":{"local_timestamp":1691681230824,"output":"\u001b[1;38;5;39mCOMET INFO:\u001b[0m   Others:\n","stderr":true},"type":"standard_output"}
{"payload":{"local_timestamp":1691681230825,"output":"\u001b[1;38;5;39mCOMET INFO:\u001b[0m     Created from : pytorch-lightning\n","stderr":true},"type":"standard_output"}
{"payload":{"local_timestamp":1691681230825,"output":"\u001b[1;38;5;39mCOMET INFO:\u001b[0m   Uploads:\n","stderr":true},"type":"standard_output"}
{"payload":{"local_timestamp":1691681230826,"output":"\u001b[1;38;5;39mCOMET INFO:\u001b[0m     asset         : 2 (4.99 MB)\n","stderr":true},"type":"standard_output"}
{"payload":{"local_timestamp":1691681230826,"output":"\u001b[1;38;5;39mCOMET INFO:\u001b[0m     figures       : 20\n","stderr":true},"type":"standard_output"}
{"payload":{"local_timestamp":1691681230826,"output":"\u001b[1;38;5;39mCOMET INFO:\u001b[0m     html          : 1\n","stderr":true},"type":"standard_output"}
{"payload":{"local_timestamp":1691681230827,"output":"\u001b[1;38;5;39mCOMET INFO:\u001b[0m     model-element : 1 (4.99 MB)\n","stderr":true},"type":"standard_output"}
{"payload":{"local_timestamp":1691681230827,"output":"\u001b[1;38;5;39mCOMET INFO:\u001b[0m \n","stderr":true},"type":"standard_output"}
